{
  "FilterHeaders": [
    {
      "Header": "user-agent",
      "IncludeInScript": false
    },
    {
      "Header": "upgrade-insecure-requests",
      "IncludeInScript": true
    },
    {
      "Header": "sec-fetch-user",
      "IncludeInScript": true
    },
    {
      "Header": "sec-fetch-site",
      "IncludeInScript": true
    },
    {
      "Header": "sec-fetch-mode",
      "IncludeInScript": true
    },
    {
      "Header": "sec-fetch-dest",
      "IncludeInScript": true
    },
    {
      "Header": "sec-ch-ua-platform",
      "IncludeInScript": true
    },
    {
      "Header": "sec-ch-ua-mobile",
      "IncludeInScript": true
    },
    {
      "Header": "sec-ch-ua",
      "IncludeInScript": true
    },
    {
      "Header": "origin",
      "IncludeInScript": true
    },
    {
      "Header": "if-none-match",
      "IncludeInScript": false
    },
    {
      "Header": "if-modified-since",
      "IncludeInScript": false
    },
    {
      "Header": "cache-control",
      "IncludeInScript": false
    },
    {
      "Header": "accept-language",
      "IncludeInScript": false
    },
    {
      "Header": "accept-encoding",
      "IncludeInScript": false
    },
    {
      "Header": "accept",
      "IncludeInScript": false
    }
  ],
  "FilterResources": [
    {
      "IsNonResource": true,
      "type": "text/html"
    }
  ],
  "GeneralInfo": {
    "BrowserVersion": "",
    "IsWinInetMode": false,
    "MaxUsedConnections": 9,
    "RecordedBrowser": "Chrome",
    "RecordingDate": "май-20-2024",
    "RecordingDuration": 207640,
    "RecordingMode": "N/A",
    "RecordingTimeStamp": 1716199675,
    "RecordingType": "Browser",
    "TotalBytesReceived": 109672,
    "TotalBytesSent": 12682,
    "TotalRequests": 13,
    "UserAgent": "Mozilla/5.0 (Windows NT 10.0; Win64; x64) AppleWebKit/537.36 (KHTML, like Gecko) Chrome/124.0.0.0 Safari/537.36"
  },
  "HostInfo": [
    {
      "DomainName": "localhost",
      "Domains": [
        {
          "HTTPVersion": "HTTP/1.1",
          "IP": "[::1]",
          "IncludeInScript": true,
          "Name": "localhost",
          "Port": 1080,
          "Requests": [
            {
              "CompressionType": "",
              "DataType": "text/html",
              "DownloadTime": 63,
              "EventId": 392,
              "HttpStatus": 200,
              "Size": 49703,
              "URL": "http://localhost:1080/cgi-bin/itinerary.pl"
            },
            {
              "CompressionType": "",
              "DataType": "text/html",
              "DownloadTime": 62,
              "EventId": 372,
              "HttpStatus": 200,
              "Size": 50853,
              "URL": "http://localhost:1080/cgi-bin/itinerary.pl"
            },
            {
              "CompressionType": "",
              "DataType": "text/html",
              "DownloadTime": 63,
              "EventId": 370,
              "HttpStatus": 200,
              "Size": 1742,
              "URL": "http://localhost:1080/cgi-bin/nav.pl?page=menu&in=itinerary"
            },
            {
              "CompressionType": "",
              "DataType": "text/html",
              "DownloadTime": 47,
              "EventId": 356,
              "HttpStatus": 200,
              "Size": 851,
              "URL": "http://localhost:1080/cgi-bin/welcome.pl?page=itinerary"
            },
            {
              "CompressionType": "",
              "DataType": "text/html",
              "DownloadTime": 46,
              "EventId": 320,
              "HttpStatus": 200,
              "Size": 1742,
              "URL": "http://localhost:1080/cgi-bin/nav.pl?page=menu&in=home"
            },
            {
              "CompressionType": "",
              "DataType": "text/html",
              "DownloadTime": 46,
              "EventId": 318,
              "HttpStatus": 200,
              "Size": 1178,
              "URL": "http://localhost:1080/cgi-bin/login.pl?intro=true"
            },
            {
              "CompressionType": "",
              "DataType": "text/html",
              "DownloadTime": 63,
              "EventId": 304,
              "HttpStatus": 200,
              "Size": 720,
              "URL": "http://localhost:1080/cgi-bin/login.pl"
            },
            {
              "CompressionType": "",
              "DataType": "text/html",
              "DownloadTime": 0,
              "EventId": 285,
              "HttpStatus": 404,
              "Size": 209,
              "URL": "http://localhost:1080/favicon.ico"
            },
            {
              "CompressionType": "",
              "DataType": "",
              "DownloadTime": 0,
              "EventId": 279,
              "HttpStatus": 304,
              "Size": 0,
              "URL": "http://localhost:1080/WebTours/home.html"
            },
            {
              "CompressionType": "",
              "DataType": "text/html",
              "DownloadTime": 62,
              "EventId": 265,
              "HttpStatus": 200,
              "Size": 1728,
              "URL": "http://localhost:1080/cgi-bin/nav.pl?in=home"
            },
            {
              "CompressionType": "",
              "DataType": "text/html",
              "DownloadTime": 171,
              "EventId": 261,
              "HttpStatus": 200,
              "Size": 946,
              "URL": "http://localhost:1080/cgi-bin/welcome.pl?signOff=true"
            },
            {
              "CompressionType": "",
              "DataType": "",
              "DownloadTime": 15,
              "EventId": 250,
              "HttpStatus": 304,
              "Size": 0,
              "URL": "http://localhost:1080/WebTours/header.html"
            },
            {
              "CompressionType": "",
              "DataType": "",
              "DownloadTime": 16,
              "EventId": 243,
              "HttpStatus": 304,
              "Size": 0,
              "URL": "http://localhost:1080/WebTours/"
            }
          ],
          "SSLCipher": "None",
          "SSLVersion": "None"
        }
      ],
      "IncludeInScript": true
    },
    {
      "DomainName": "googleapis.com",
      "Domains": [
        {
          "HTTPVersion": "HTTP/1.1",
          "IP": "64.233.165.94",
          "IncludeInScript": false,
          "Name": "update.googleapis.com",
          "Port": 443,
          "Requests": [
            {
              "CompressionType": "gzip",
              "DataType": "application/json",
              "DownloadTime": 109,
              "EventId": 297,
              "HttpStatus": 200,
              "Size": 911,
              "URL": "https://update.googleapis.com/service/update2/json?cup2key=14:6rGhZzLa90XGAKwTYQfmZlJFlw6NQpTQO6TEidrbCFE&cup2hreq=bbf868405782cb525bf2ac95dc787b67a92a5218c3abd3d125b1b0804fe35bc6"
            },
            {
              "CompressionType": "gzip",
              "DataType": "application/json",
              "DownloadTime": 94,
              "EventId": 237,
              "HttpStatus": 200,
              "Size": 281,
              "URL": "https://update.googleapis.com/service/update2/json?cup2key=14:biQMY5pLuI-pJMB4Ahs6WOt3rY8yX1E3haCtrAdPuaM&cup2hreq=18a53799a028a6ea189cff2884fd0d111c580eeebef1eda68c6181e5709001fd"
            }
          ],
          "SSLCipher": "TLS_AES_256_GCM_SHA384",
          "SSLVersion": "TLS1.3"
        },
        {
          "HTTPVersion": "HTTP/1.1",
          "IP": "64.233.162.95",
          "IncludeInScript": false,
          "Name": "passwordsleakcheck-pa.googleapis.com",
          "Port": 443,
          "Requests": [
            {
              "CompressionType": "gzip",
              "DataType": "application/x-protobuf",
              "DownloadTime": 250,
              "EventId": 336,
              "HttpStatus": 200,
              "Size": 155385,
              "URL": "https://passwordsleakcheck-pa.googleapis.com/v1/leaks:lookupSingle"
            }
          ],
          "SSLCipher": "TLS_AES_256_GCM_SHA384",
          "SSLVersion": "TLS1.3"
        },
        {
          "HTTPVersion": "HTTP/1.1",
          "IP": "64.233.164.95",
          "IncludeInScript": false,
          "Name": "optimizationguide-pa.googleapis.com",
          "Port": 443,
          "Requests": [
            {
              "CompressionType": "gzip",
              "DataType": "application/x-protobuf",
              "DownloadTime": 109,
              "EventId": 230,
              "HttpStatus": 200,
              "Size": 701,
              "URL": "https://optimizationguide-pa.googleapis.com/v1:GetModels?key=AIzaSyBOti4mM-6x9WDnZIjIeyEU21OpBXqWBgw"
            }
          ],
          "SSLCipher": "TLS_AES_256_GCM_SHA384",
          "SSLVersion": "TLS1.3"
        },
        {
          "HTTPVersion": "HTTP/1.1",
          "IP": "173.194.220.94",
          "IncludeInScript": false,
          "Name": "clientservices.googleapis.com",
          "Port": 443,
          "Requests": [
            {
              "CompressionType": "",
              "DataType": "",
              "DownloadTime": 47,
              "EventId": 224,
              "HttpStatus": 304,
              "Size": 0,
              "URL": "https://clientservices.googleapis.com/chrome-variations/seed?osname=win&channel=stable&milestone=124"
            }
          ],
          "SSLCipher": "TLS_AES_256_GCM_SHA384",
          "SSLVersion": "TLS1.3"
        }
      ],
      "IncludeInScript": true
    },
    {
      "DomainName": "google.com",
      "Domains": [
        {
          "HTTPVersion": "HTTP/1.1",
          "IP": "108.177.14.84",
          "IncludeInScript": false,
          "Name": "accounts.google.com",
          "Port": 443,
          "Requests": [
            {
              "CompressionType": "gzip",
              "DataType": "application/json",
              "DownloadTime": 47,
              "EventId": 232,
              "HttpStatus": 200,
              "Size": 43,
              "URL": "https://accounts.google.com/ListAccounts?gpsia=1&source=ChromiumBrowser&json=standard"
            }
          ],
          "SSLCipher": "TLS_AES_256_GCM_SHA384",
          "SSLVersion": "TLS1.3"
        }
      ],
      "IncludeInScript": true
    }
  ],
  "WebSocket": {
    "IncludeInScript": false,
    "IsScriptIncludeWebSocket": false
  },
  "NumberOfCorrelations": 1
}